Bodhi Yoga Training Academy - Jubilee Hills,9870347348,,bodhiyogainstitute.com
Sharmila's Yoga Studio,9849338902,,sharmilasyogazone.com
"Anahata Yoga Zone,Kondapur",6304553028,,anahatayoga.in
Nirvaana Yoga Studio Madhapur,9492651444,,
Yoga tattva,6281829656,,
Krishna Yoga Shala,9441306921,,krishnayogashala.com
Abhyasa Yoga Ameerpet,9290953224,,abhyasayoga.in
Yoga Teacher Training,9550602045,,"Menu
leafyogavillage.com"
Namaha (Bikram) Yoga,8977559642,,namaha.com
Progressive YOGA,4040044266,,progressiveyoga.in
Gold's Gym,8882119900,,goldsgymmadhapur.in
Pulse8 Gym Srinagar Colony,4066844844,,pulse8gym.com
Cloud Fitness,8019191777,,thecloudfitness.com
Pulse8 Elite Gym Abids,9912525027,,pulse8gym.com
Gold's Gym,9550410111,,goldsgymatbanjarahills.in
Ozone Fitness and Spa,4048521431,,platinumfitnessclub.in
Gold's Gym,9000026767,,goldsgym.com
Gold's Gym,8882119900,,goldsgymmadhapur.in
Pulse8 Gym Mehdipatnam,4066311311,,pulse8gym.com
Talwalkars,4023355813,,talwalkars.net
360 Degree Fitness,4023552360,,360fitnesshyd.com
Pulse8 Gym Barkatpura,4066775775,,pulse8gym.com
DTP-The Gym,9000961764,,
Pulse 8 Gym,4066772772,,pulse8gym.com
360 Degree Fitness,9000551360,,360fitnesshyd.com
Talwalkars Gym,4042607812,,talwalkars.net
Steel Gym,9542999999,,steelgym.in
Talwalkars,4023223813,,talwalkars.net
F45 Training,7306024545,,f45training.in
Hyderabad MMA Gym,9700751644,,
Gold's Gym,8882119900,,goldsgymmadhapur.in
Pulse8 Gym Srinagar Colony,4066844844,,pulse8gym.com
Cloud Fitness,8019191777,,thecloudfitness.com
Pulse8 Elite Gym Abids,9912525027,,pulse8gym.com
Gold's Gym,9550410111,,goldsgymatbanjarahills.in
Ozone Fitness and Spa,4048521431,,platinumfitnessclub.in
Gold's Gym,9000026767,,goldsgym.com
Gold's Gym,8882119900,,goldsgymmadhapur.in
Pulse8 Gym Mehdipatnam,4066311311,,pulse8gym.com
Talwalkars,4023355813,,talwalkars.net
360 Degree Fitness,4023552360,,360fitnesshyd.com
Pulse8 Gym Barkatpura,4066775775,,pulse8gym.com
DTP-The Gym,9000961764,,
Pulse 8 Gym,4066772772,,pulse8gym.com
360 Degree Fitness,9000551360,,360fitnesshyd.com
Talwalkars Gym,4042607812,,talwalkars.net
Steel Gym,9542999999,,steelgym.in
Talwalkars,4023223813,,talwalkars.net
F45 Training,7306024545,,f45training.in
Pulse8 Gym Nallakunta,4066632211,,pulse8gym.com
Gold's Gym,8882119900,,goldsgymmadhapur.in
Pulse8 Gym Srinagar Colony,4066844844,,pulse8gym.com
Cloud Fitness,8019191777,,thecloudfitness.com
Pulse8 Elite Gym Abids,9912525027,,pulse8gym.com
Gold's Gym,9550410111,,goldsgymatbanjarahills.in
Ozone Fitness and Spa,4048521431,,platinumfitnessclub.in
Gold's Gym,9000026767,,goldsgym.com
Gold's Gym,8882119900,,goldsgymmadhapur.in
Pulse8 Gym Mehdipatnam,4066311311,,pulse8gym.com
Talwalkars,4023355813,,talwalkars.net
360 Degree Fitness,4023552360,,360fitnesshyd.com
